{
  "setting": {
    "compileHotReLoad": true
  },
  "condition": {
    "miniprogram": {
      "list": [
        {
          "name": "保存视频页",
          "pathName": "pages/preview/preview",
          "query": "videoUrl=http://videofacefusion-prod-1254418846.cos.ap-guangzhou.myqcloud.com/face_fusion_prod/1.0/1306400915/20220119024156_daafc3de-51fb-4901-9ce9-02a80b5bdafd_qc_308103_132937_16_1631950760265_result.mp4",
          "scene": null
        },
        {
          "name": "koutu",
          "pathName": "pages/koutu/koutu",
          "query": "",
          "scene": null
        }
      ]
    }
  },
  "projectname": "%E4%B8%80%E9%94%AE%E7%9F%AD%E8%A7%86%E9%A2%91%E6%8D%A2%E8%84%B8",
  "description": "项目私有配置文件。此文件中的内容将覆盖 project.config.json 中的相同字段。项目的改动优先同步到此文件中。详见文档：https://developers.weixin.qq.com/miniprogram/dev/devtools/projectconfig.html"
}